file_path,file_sig,label,spectral_mean_score,spectral_peak_score,spectral_mean_spikes,spectral_mean_hf_ratio,spectral_mean_irregularity,temporal_mean_score,temporal_peak_score,temporal_mean_flow_mag,temporal_mean_curl,temporal_mean_warp_residual,spatial_noise_mean_score,spatial_noise_peak_score,spatial_noise_mean_var,spatial_noise_mean_cov,spatial_noise_flat_patch_ratio,facial_detected_ratio,facial_mean_anomaly,facial_mean_seam_score,facial_mean_texture_anomaly,color_channel_correlation,color_histogram_entropy,illumination_drift_var,interframe_ssim_mean,interframe_ssim_var
C:\Users\rawat\.gemini\antigravity\scratch\ai-video-detector\dataset\real\WhatsApp Video 2026-09-09 at 7.19.53 AM.mp4,6913270_1789043676.9027293,0,0.035323691301331624,0.036457534736224796,0.0,0.018158333333333335,0.08831666666666667,0.6211064238411684,0.7647919261455536,1.2856666666666665,0.49766666666666665,7.499166666666667,0.27723886581758656,0.35680676579475407,7.9605,2.2868333333333335,0.3609166666666667,1.0,0.11186234658265987,0.049499999999999995,0.07308333333333333,0.9586856473844998,0.9204525685874162,43.9634309358039,0.9882630556821823,5.768372196975532e-05
C:\Users\rawat\.gemini\antigravity\scratch\ai-video-detector\dataset\real\sample_real_1.mp4,26345_1789042661.874084,0,0.07876342871406318,0.08169468187510504,0.0,0.03358333333333334,0.17455833333333334,0.16548791537061336,0.17744296789169314,0.2628333333333333,0.2333333333333333,1.1449999999999998,0.5043349373154343,0.5215811157226562,0.16499999999999998,1.78775,0.8316666666666667,0.0,0.0,0.0,0.0,-0.04987938760860047,0.5697115818632744,0.2160841988021954,0.9531163622935613,4.688450165906626e-05
C:\Users\rawat\.gemini\antigravity\scratch\ai-video-detector\dataset\real\sample_real_2.mp4,46692_1789042662.0458176,0,0.08104481854010155,0.08880526015435865,0.0,0.03618333333333334,0.16395833333333334,0.21534178092454873,0.23495741561055183,0.4673333333333334,0.37258333333333343,2.11,0.4019449471185605,0.43931116700172423,0.333,1.40975,0.6644166666666668,0.0,0.0,0.0,0.0,0.1264044734017192,0.4814232772531508,0.4659222002194247,0.9163870314757029,2.5956680214298292e-05
C:\Users\rawat\.gemini\antigravity\scratch\ai-video-detector\dataset\real\sample_real_3.mp4,87115_1789042662.2217596,0,0.08926484360603341,0.09407792450674685,0.0,0.04086666666666667,0.15523333333333333,0.34199330825358626,0.370261692404747,0.6929166666666666,0.5098333333333332,3.4758333333333336,0.12440565008825312,0.15948121832683684,0.674,0.9655,0.19333333333333336,0.0,0.0,0.0,0.0,0.32510582389281256,0.5850659737390763,0.5363628217190852,0.895232488711675,6.245210088619125e-05
C:\Users\rawat\.gemini\antigravity\scratch\ai-video-detector\dataset\ai\Bande 4 🔥🤠 #gym #motivation #song #fitneess #shorts #viral #challenge.mp4,3150680_1789043626.0806649,1,0.044202381483671775,0.04780397665386005,0.16666666666666666,0.021808333333333332,0.09179166666666666,0.5977828615345061,0.8186624020338058,0.9309166666666667,0.53625,6.449166666666668,0.2040370841821035,0.26365468978881834,5.4425,2.079333333333333,0.2845833333333333,1.0,0.040375166746937106,0.016749999999999998,0.0,0.920602834578912,0.9599927409770429,59.32287753527782,0.9740360081195831,0.0004102705359239067
C:\Users\rawat\.gemini\antigravity\scratch\ai-video-detector\dataset\ai\sample_ai_1.mp4,11500_1789042662.3824174,1,0.29196842685122776,0.36197603265453704,11.583333333333334,0.015041666666666668,0.22863333333333336,0.13333333333333333,0.2,0.06874999999999999,0.07533333333333332,0.3416666666666666,0.7140225085119406,0.7691198068857193,0.019916666666666662,2.689083333333334,0.987166666666667,0.0,0.0,0.0,0.0,-0.35821290213693696,0.7430392233017931,0.12573476838947875,0.9960248072942098,5.248530862860751e-06
C:\Users\rawat\.gemini\antigravity\scratch\ai-video-detector\dataset\ai\sample_ai_2.mp4,34576_1789042662.5454562,1,0.38606011475207264,0.6941660546840464,21.583333333333332,0.03206666666666667,0.21913333333333337,0.15625,0.2,0.08433333333333333,0.09508333333333334,0.8516666666666667,0.4325753206387162,0.5218228936195373,0.22675,0.49299999999999994,0.7305833333333333,0.0,0.0,0.0,0.0,-0.35445177446921433,0.7479880661300772,0.0994375664734557,0.9953006356954575,3.946546048849697e-06
C:\Users\rawat\.gemini\antigravity\scratch\ai-video-detector\dataset\ai\sample_ai_3.mp4,12644_1789042662.700883,1,0.2711396085699432,0.3591916210450004,6.916666666666667,0.016075,0.22663333333333335,0.11666666666666665,0.2,0.06375,0.07066666666666667,0.36833333333333335,0.6777463749051093,0.7233346050977707,0.023333333333333334,2.433083333333333,0.9850833333333334,0.0,0.0,0.0,0.0,-0.35681215739279387,0.7433260536708133,0.07797652063605119,0.9960447996854782,4.693952901109928e-06
C:\Users\rawat\.gemini\antigravity\scratch\ai-video-detector\dataset\ai\voh kameena...😮_💨🫠 #dance #beautiful #gym #fitneess #shorts #hindisong #viral #new #love #challenge.mp4,1971536_1789043662.8317637,1,0.0714464151793579,0.0710979044848961,0.25,0.03163333333333333,0.10067499999999997,0.5260776966499785,0.7144534361362458,0.6531666666666667,0.44716666666666666,4.920833333333333,0.17340887679407993,0.1976236951351166,14.900583333333332,2.0130000000000003,0.264,1.0,0.11106356588803418,0.16349999999999998,0.0,0.8963303869182545,0.9403113738716772,403.76246963020293,0.9846026649077734,9.806014879888538e-05
